sample	PRS
HG00096	0.343325986362102
HG00097	7.41447667917566
HG00099	1.96583437239204
HG00100	7.03515403220611
HG00101	2.0312330506225
HG00102	8.79434879332959
HG00103	3.94600038984591
HG00105	9.93372835900404
HG00106	0.273769279389782
HG00107	15.5848962971722
HG00108	0.702546962677193
HG00109	3.29388288392949
HG00110	1.7670479297201
HG00111	3.39894026447139
HG00112	1.90277501060595
HG00113	8.27583512279764
HG00114	10.9876559266553
HG00115	5.74656252828219
HG00116	4.13711881819454
HG00117	4.08239827153796
HG00118	1.08495082767102
HG00119	2.52194280691502
HG00120	7.45854927199399
HG00121	3.86393324751649
HG00122	11.4932307711531
HG00123	1.7620703394833
HG00125	7.23632373086806
HG00126	2.04501178311064
HG00127	8.62691009917488
HG00128	9.44366342497958
HG00129	7.51896230414564
HG00130	0.413311324949214
HG00131	4.55202804622603
HG00132	6.52892912932127
HG00133	0.871865591909801
HG00136	4.29332853457626
HG00137	10.7250335175821
HG00138	3.83541067880916
HG00139	2.90260227237585
HG00140	4.01184041354247
HG00141	7.93336710515785
HG00142	-0.624783739845364
HG00143	11.0961973302668
HG00145	13.4210982176112
HG00146	3.34380180151136
HG00148	2.57269479808157
HG00149	0.538364172871477
HG00150	7.57739147840379
HG00151	7.3165971129933
HG00154	11.5388318941378
HG00155	5.87662814549956
HG00157	5.17584371378809
HG00158	4.36172510500181
HG00159	6.62505400234748
HG00160	13.3497265474215
HG00171	1.57033469354309
HG00173	4.01398016149884
HG00174	5.8925005470339
HG00176	-1.6755071276578
HG00177	4.17140932578159
HG00178	4.7330690177758
HG00179	7.27095520970763
HG00180	7.69256736143092
HG00181	7.18793382210611
HG00182	9.19378204769885
HG00183	3.46937219128825
HG00185	9.14716341025487
HG00186	0.291544068935942
HG00187	-1.34157864374654
HG00188	-3.97373177944514
HG00189	12.5977102338741
HG00190	-0.289926913633889
HG00231	-4.1843810044683
HG00232	9.84921793018944
HG00233	1.91009898444994
HG00234	1.68367340582898
HG00235	14.0762878455059
HG00236	-0.421826967877745
HG00237	2.95741464728449
HG00238	-0.906948773949706
HG00239	5.7597455766551
HG00240	-5.54052990912369
HG00242	6.28360179298566
HG00243	1.46142634200125
HG00244	-3.92610680462646
HG00245	-1.96393999556731
HG00246	2.94682663191356
HG00250	0.0949013728373863
HG00251	5.8590759218213
HG00252	-7.54515431795684
HG00253	-2.59684447432665
HG00254	2.59820907044048
HG00255	3.21553106210024
HG00256	2.62403342574107
HG00257	5.86403266723358
HG00258	3.90992648818161
HG00259	1.86107033858484
HG00260	7.1214403333144
HG00261	3.88042102624439
HG00262	4.48748787077422
HG00263	6.82831483676157
HG00264	7.05505682830996
HG00265	-2.39508231659145
HG00266	8.44803403126321
HG00267	3.39788195636313
HG00268	14.2803783634979
HG00269	-3.18942558173613
HG00271	9.6550704295835
HG00272	2.93002479747991
HG00273	6.43030483283916
HG00274	8.66379635473929
HG00275	15.6350173304365
HG00276	-2.17132753945883
HG00277	13.6088310806018
HG00278	-0.442896232660379
HG00280	5.76124292142479
HG00281	8.28783948646059
HG00282	8.22826191151196
HG00284	-4.54813125754056
HG00285	8.6596425376239
HG00288	5.52501500529462
HG00290	6.97168271453401
HG00304	3.94517810358282
HG00306	9.4184523244049
HG00308	-2.32719048088466
HG00309	-3.34386950883566
HG00310	12.5274182484852
HG00311	13.2274595982399
HG00313	9.87017651579971
HG00315	0.523337056287687
HG00318	11.9553100572188
HG00319	1.74753599323741
HG00320	4.54291143709874
HG00321	3.87835650387549
HG00323	12.2677604097297
HG00324	8.4254444742129
HG00325	2.98962121737963
HG00326	3.11518747427221
HG00327	8.81483105215942
HG00328	-2.00858172460115
HG00329	3.9691905238415
HG00330	6.68304851188911
HG00331	5.7345601290477
HG00332	9.6429313754621
HG00334	-0.305360612456827
HG00335	0.177600106823046
HG00336	4.72775643129878
HG00337	14.4627324519244
HG00338	10.0320377929435
HG00339	-1.54062297700114
HG00341	4.10165534498654
HG00342	6.69350313416391
HG00343	3.66626716825406
HG00344	9.53082245742578
HG00345	6.49841034281481
HG00346	11.6293665381619
HG00349	7.57163953361232
HG00350	6.3382166936255
HG00351	6.99710000078301
HG00353	8.09202377803389
HG00355	10.8689284443457
HG00356	2.51407814962162
HG00357	12.8992883859209
HG00358	3.92127755190514
HG00360	11.5235120460212
HG00361	6.98823088892251
HG00362	-4.00476851952014
HG00364	5.51870785832082
HG00365	0.659540526462197
HG00366	8.23632233254494
HG00367	6.21723996784215
HG00368	6.01964968034469
HG00369	-1.35938407693393
HG00371	3.37134327229395
HG00372	9.77184200213666
HG00373	1.66635604556612
HG00375	11.3342517262022
HG00376	4.65467284089949
HG00378	8.48252516585777
HG00379	5.38714490767816
HG00380	7.98261061441129
HG00381	4.34524636330704
HG00382	13.5646304157132
HG00383	11.4821116698967
HG00384	0.589711288073257
HG00403	-5.46139985651117
HG00404	-8.20775874896032
HG00406	-6.93827415423842
HG00407	-8.87250520913294
HG00409	-4.48868684518204
HG00410	-3.1912502721833
HG00419	-10.6178018376365
HG00421	-5.5450019213627
HG00422	-7.67702418943852
HG00428	-9.31306971406894
HG00436	-11.6255453838948
HG00437	-10.4135406787699
HG00442	-8.7906661364248
HG00443	-8.89357444919705
HG00445	-10.4999694985043
HG00446	-9.82582847923304
HG00448	-6.83350397380997
HG00449	-12.6792851573863
HG00451	-10.1440712222279
HG00452	-15.2665734292278
HG00457	-14.7031216327834
HG00458	-14.3036001740663
HG00463	-3.04966077735259
HG00464	-5.35669034905433
HG00472	-6.26632042214448
HG00473	-10.5664757684239
HG00475	-9.81238234371497
HG00476	-11.6128849032547
HG00478	-14.4736473284309
HG00479	-8.86161242055004
HG00500	-15.0434184749984
HG00513	-8.83194670883181
HG00524	-10.4784044070984
HG00525	-4.45885425761757
HG00530	-9.14732004272959
HG00531	-9.67426576340201
HG00533	-7.35996759534356
HG00534	-1.4386737745054
HG00536	-10.2130768702685
HG00537	-5.16171143730394
HG00542	-7.49107038503869
HG00543	-7.60754352109007
HG00551	-0.0928751304086454
HG00553	-2.64532531359961
HG00554	0.147382554041143
HG00556	-8.1494365910581
HG00557	-3.8052689540059
HG00559	-10.0606632908986
HG00560	-4.98487541261501
HG00565	-13.7934655797154
HG00566	-10.3769619017053
HG00580	-9.72271674596392
HG00581	-8.67231695427309
HG00583	-11.1807042046925
HG00584	-11.6116095928278
HG00589	-10.5331531999587
HG00590	-10.0681115558137
HG00592	-7.57633986561161
HG00593	-4.70414726240949
HG00595	-3.94537601247051
HG00596	-10.0128694815498
HG00598	-6.80771100205622
HG00599	-8.04335782265176
HG00607	-5.38421617084706
HG00608	-16.3418802049909
HG00610	-6.94848056440709
HG00611	-7.8872150550704
HG00613	-4.9169778116741
HG00614	-5.5964924470242
HG00619	-4.05975491177237
HG00620	-9.78208439570944
HG00622	-9.62780490607369
HG00623	-9.89467817049608
HG00625	-14.444485353357
HG00626	-6.41093785431502
HG00628	-11.2386273717988
HG00629	-13.3639211455565
HG00631	-5.72059483970154
HG00632	-8.58398444686333
HG00634	-8.89810315192544
HG00637	-3.48852468167933
HG00638	-5.72634394048737
HG00640	-11.1420467159454
HG00641	5.31537674291292
HG00650	-8.52952257346945
HG00651	-11.0109439792158
HG00653	-9.88993878785333
HG00654	-6.7856287207055
HG00656	-6.62913536442485
HG00657	-10.4079704255268
HG00662	-10.7060747662498
HG00663	-3.41924809951996
HG00671	-10.1382880049926
HG00672	-8.38828576026978
HG00674	-11.3153760911856
HG00675	-11.3827550681793
HG00683	-6.46803096228845
HG00684	-7.0265678595392
HG00689	-8.58792412288993
HG00690	-7.01204559212658
HG00692	-10.1228596008218
HG00693	-9.18047650005014
HG00698	-6.1383095888049
HG00699	-7.75795322351149
HG00701	-10.8313372095518
HG00704	-7.24609552164434
HG00705	-7.34173382766283
HG00707	-12.4859493727077
HG00708	-5.47368882268381
HG00717	-8.53793779972809
HG00728	-3.15947408080722
HG00729	-6.8163992004779
HG00731	-5.23619711416508
HG00732	-4.93237690045073
HG00734	-1.07570231596872
HG00736	3.41821705986947
HG00737	-5.18937111394709
HG00739	-3.45245821744194
HG00740	-1.33540326700008
HG00742	-0.325706681890449
HG00743	-3.56753553699062
HG00759	-9.46948513508047
HG00766	-12.9766631540278
HG00844	-12.3327556400118
HG00851	-6.73842096601476
HG00864	-7.78088586353634
HG00867	-7.7005599261514
HG00879	-9.75959625685057
HG00881	-10.8607790619276
HG00956	-6.45008298847873
HG00978	-6.65709097578056
HG00982	-10.1112789110463
HG01028	-11.8061166487034
HG01029	-3.25810508240153
HG01031	-7.0199462665674
HG01046	-2.76084999674207
HG01047	-9.86310421186731
HG01048	-0.345291032273906
HG01049	-5.49260212723333
HG01051	-5.90629344741335
HG01052	-10.8297671631413
HG01054	-3.39044380336578
HG01055	-3.56908254725229
HG01058	-3.54245835416244
HG01060	3.842512849968
HG01061	-7.92112966586426
HG01063	1.45749739958501
HG01064	2.1626757058087
HG01066	-1.32665140322074
HG01067	-7.39346358150131
HG01069	-0.478744211329921
HG01070	-3.04111606451432
HG01072	0.10783770905585
HG01073	-6.0129676364529
HG01075	-0.146746458742972
HG01077	-10.9739948648336
HG01079	-3.28222891984566
HG01080	-5.82365429687523
HG01082	-5.80205420393665
HG01083	-3.83514368787452
HG01085	-4.09903730630683
HG01086	-1.95716678077837
HG01088	-3.92942972995734
HG01089	-0.848132915047442
HG01092	-7.22696089141865
HG01094	0.433394663597915
HG01095	-3.96222014747337
HG01097	-1.47602613646379
HG01098	-4.4070807300562
HG01101	-8.05071053299939
HG01102	-3.24206763664151
HG01104	-2.12051889647268
HG01105	-4.10087448955445
HG01107	-4.12852481608735
HG01108	-6.2016579380242
HG01110	-7.13939933226765
HG01111	-9.89035964515243
HG01112	7.71656459825758
HG01113	-6.48336301056615
HG01119	-4.68371230710439
HG01121	0.228958580108172
HG01122	-5.67037913965734
HG01124	-3.448557927838
HG01125	-3.49876577880649
HG01130	-3.23951107923999
HG01131	-1.7424605887424
HG01133	2.1880106037547
HG01134	-0.91480118447853
HG01136	-10.359537252576
HG01137	1.47640558916235
HG01139	-4.20543428099946
HG01140	-5.63225753108589
HG01142	-3.99646183840468
HG01148	-3.89409613062402
HG01149	-3.66079928954732
HG01161	-6.66504672475188
HG01162	-3.54792624462476
HG01164	0.980786309869539
HG01167	1.87816231180636
HG01168	-7.14050614135723
HG01170	-8.59941939803616
HG01171	7.99969130149036
HG01173	6.18934461295605
HG01174	0.760788940748921
HG01176	-1.50623179688294
HG01177	-3.40998487469532
HG01182	-0.527989825924436
HG01183	-3.11927724993952
HG01187	2.57798973826222
HG01188	-2.20769632743372
HG01190	-5.85317405487876
HG01191	0.33796668399838
HG01197	-1.5396403829594
HG01198	-4.69897288719973
HG01200	-10.9038518769414
HG01204	-0.885913418655225
HG01205	-5.55940006106446
HG01241	-6.75668251076221
HG01242	1.32352938177039
HG01247	0.944382558303868
HG01248	-6.16972367275693
HG01250	-8.995786553692
HG01251	-3.58720736702818
HG01253	-8.67871468853444
HG01254	0.386909501693292
HG01256	6.2006288944606
HG01257	0.10682043529403
HG01259	2.8599343556262
HG01260	-0.715160578193209
HG01269	-1.34711037855171
HG01271	-3.44317438280074
HG01272	-2.92174503985336
HG01275	6.86578844512923
HG01277	-4.20143089575927
HG01280	-3.88900248012525
HG01281	-9.01024570267381
HG01284	1.17906025205882
HG01286	-10.3757208682736
HG01302	-6.28242394047568
HG01303	-7.39954796723716
HG01305	-6.51420069484671
HG01308	-6.64046732766243
HG01311	-4.02470210321171
HG01312	-1.10573630340269
HG01323	-6.83623967560737
HG01325	-7.88049271137873
HG01326	-11.6699241064428
HG01334	3.07300056133979
HG01341	3.13208858915915
HG01342	1.55757297977825
HG01344	-9.81715217601961
HG01345	2.56679842856318
HG01348	-7.36347107807594
HG01350	-7.68824140286893
HG01351	-3.70687462153925
HG01353	-6.51461772269255
HG01354	-4.62635349169242
HG01356	-8.97270527321138
HG01357	-9.45066374116601
HG01359	-6.72734877761062
HG01360	-2.01967267559251
HG01362	-7.75413221437324
HG01363	-6.91432063883333
HG01365	-6.96127511809225
HG01366	-8.04246702310405
HG01369	-5.77093040883213
HG01372	4.3316231013714
HG01374	-3.05034585186731
HG01375	-0.0366986100635172
HG01377	-5.37282555511259
HG01378	-2.17220036075295
HG01383	-2.73480982394618
HG01384	-10.3462484232476
HG01389	-7.93011978296311
HG01390	3.69974592163079
HG01392	0.374142621835874
HG01393	-5.58058250188195
HG01395	-4.86543207954134
HG01396	-6.70559449492784
HG01398	2.08356492018461
HG01402	-5.39632881308091
HG01403	-5.69551641521262
HG01405	-3.40536641007198
HG01412	0.703175224789414
HG01413	-5.01000366747666
HG01414	-7.21235128832327
HG01431	-10.147822384595
HG01432	-2.31020256099047
HG01435	-2.92124103204056
HG01437	-1.93058562945401
HG01438	4.70727394403519
HG01440	-1.79519428330938
HG01441	-11.2932682846173
HG01443	-6.9586084269815
HG01444	-1.10563261141438
HG01447	1.54967541776992
HG01455	-10.629914654455
HG01456	-7.06941637859395
HG01459	-2.86800272613382
HG01461	-6.90970343421532
HG01462	-2.45489561047505
HG01464	-1.2987733427439
HG01465	0.84309628431211
HG01468	-9.30130585019299
HG01474	0.8388636727516
HG01479	-0.421045979119165
HG01485	-0.0397070459499448
HG01486	-5.41414203128995
HG01488	-1.78792467900204
HG01489	6.02948835605986
HG01491	-2.76020865845767
HG01492	-1.38877331946333
HG01494	-2.19379978318557
HG01495	-4.82808015650313
HG01497	-12.1584686368681
HG01498	-5.02440459722476
HG01500	-2.50047414619559
HG01501	-7.22266838416255
HG01503	-2.42660931729195
HG01504	-1.27480485300152
HG01506	-2.31220612634536
HG01507	-5.6735508998261
HG01509	3.77985576513116
HG01510	-2.23614571545775
HG01512	-4.8167825905904
HG01513	10.5070457228572
HG01515	-0.865098696845091
HG01516	3.82707832272831
HG01518	-3.71555116246295
HG01519	-4.00926827303843
HG01521	3.87014426615861
HG01522	3.22802041565466
HG01524	-2.09386830368613
HG01525	2.52651380859676
HG01527	-5.20198142405168
HG01528	-3.40978110332656
HG01530	0.546079990303013
HG01531	4.37612252601052
HG01536	0.514090346713673
HG01537	2.9928800233604
HG01550	-5.53993738631841
HG01551	-4.98941151473387
HG01556	-5.96519755896282
HG01565	-7.36560696758908
HG01566	-4.61571873692916
HG01571	-4.00759034371121
HG01572	-3.18214602041
HG01577	-14.55914271162
HG01578	0.80674637260107
HG01583	-0.744359922135052
HG01586	-5.15784663631181
HG01589	-2.69406365969825
HG01593	0.262413356995379
HG01595	-9.69565435852165
HG01596	-8.65436773783117
HG01597	-9.92613032764128
HG01598	-11.2913980636007
HG01599	-8.282359222336
HG01600	-14.3865835021175
HG01602	-0.590236354549629
HG01603	-6.07921208096678
HG01605	-3.04193169349392
HG01606	-4.66025949231863
HG01607	2.9045741519186
HG01608	-0.774117296624986
HG01610	2.43292776556967
HG01612	-1.46919311980781
HG01613	-1.8654675628436
HG01615	-5.07215989524949
HG01617	0.647405257433287
HG01618	-3.4910755367645
HG01619	3.93156171943747
HG01620	-9.69040663263046
HG01623	-9.13297108127182
HG01624	-0.020082363907095
HG01625	-7.17825696084391
HG01626	-1.56902412460309
HG01628	0.236705165285854
HG01630	-5.64345426024194
HG01631	2.57726287693707
HG01632	-11.0137601104287
HG01668	-2.40894018845966
HG01669	-4.32030684648213
HG01670	-3.4370561147132
HG01672	-0.936634865595403
HG01673	-1.19922016074463
HG01675	-4.48084578131161
HG01676	-3.16569007787625
HG01678	-7.70896134120525
HG01679	7.7447133911783
HG01680	-0.870021729960406
HG01682	-7.3205647647313
HG01684	-2.41945829650766
HG01685	0.613532656643616
HG01686	5.9046421885254
HG01694	-4.96900334572319
HG01695	-2.0865300173741
HG01697	-7.30084107536214
HG01699	-1.64714459416354
HG01700	0.311288080575305
HG01702	0.276362415027424
HG01704	-0.406775949706046
HG01705	-4.87628014391367
HG01707	-2.95087912041577
HG01708	4.77977176737732
HG01709	-11.3099846815844
HG01710	-2.98327502265125
HG01746	-8.45348202474914
HG01747	1.23808451585374
HG01756	-0.791511375241366
HG01757	-7.34930584313841
HG01761	-2.55505525847369
HG01762	1.04896392368599
HG01765	-5.95475204581909
HG01766	6.12640483650153
HG01767	-7.79177344109821
HG01768	-4.33673459398196
HG01770	-1.36725366880693
HG01771	-6.74705662856335
HG01773	-6.39465331335071
HG01775	0.29345614730151
HG01776	-1.08508259779477
HG01777	-0.0938221534395538
HG01779	5.46544439084976
HG01781	-5.00308067477846
HG01783	2.18804087506514
HG01784	0.260409928066046
HG01785	-6.21265204227564
HG01786	0.505618549689704
HG01789	-3.1943510579446
HG01790	3.70115175063283
HG01791	8.27611435124271
HG01794	-13.8579482210396
HG01795	-6.67432260055721
HG01796	-10.2220253877877
HG01797	-9.81478977907503
HG01798	-6.22904508098861
HG01799	-10.6484522116616
HG01800	-13.4195883922191
HG01801	-3.697354626282
HG01802	-4.95395705886413
HG01804	-6.18375403982441
HG01805	-6.90554894107602
HG01806	-5.99787716984667
HG01807	-13.4211685238249
HG01808	-11.9531455688678
HG01809	-6.65768876750963
HG01810	-9.75563852225989
HG01811	-2.0410383855009
HG01812	-7.20280877826565
HG01813	-10.95113489251
HG01815	-5.34371870569563
HG01816	-8.94330735589535
HG01817	-11.7987019421965
HG01840	-5.32501937059515
HG01841	-11.1558944314553
HG01842	-4.38686112709627
HG01843	-9.11331745128492
HG01844	-11.0160062495627
HG01845	-10.6332073616816
HG01846	-13.5797029308406
HG01847	-2.36892939707386
HG01848	-3.99483726931462
HG01849	-4.32836586773347
HG01850	-10.1517999571375
HG01851	-10.6163560950812
HG01852	-6.57369231262834
HG01853	-14.0061264384808
HG01855	-10.1014356886865
HG01857	-10.816222175981
HG01858	-6.48946930526669
HG01859	-12.4930817370125
HG01860	-2.79282175389059
HG01861	-9.3363918283689
HG01862	-6.53707162158673
HG01863	-8.08923870143364
HG01864	-5.78087680805974
HG01865	-6.07533122506175
HG01866	-9.24244954149798
HG01867	-6.74315738763963
HG01868	-12.8650279658286
HG01869	-11.7668786995415
HG01870	-8.12230262795227
HG01871	-11.1207376858145
HG01872	-10.1750701332982
HG01873	-6.7423571009416
HG01874	-10.7030315923974
HG01878	-5.12480359071155
HG01879	-6.69177166584293
HG01880	-5.37497981947688
HG01882	-6.99557141645183
HG01883	-7.5302033468666
HG01885	-4.21083250894588
HG01886	-4.22730417351132
HG01889	-2.45239521100276
HG01890	-5.03345200955007
HG01892	-1.68282236882883
HG01893	-14.379262177921
HG01894	-1.29976195397831
HG01896	-1.1038334216401
HG01912	-3.06986627288109
HG01914	-4.14439890419009
HG01915	-5.04840020550941
HG01917	2.42005866282615
HG01918	-8.9740369085034
HG01920	-7.01599866525079
HG01921	-6.09727154028238
HG01923	0.224578093958374
HG01924	-4.13780279394664
HG01926	-1.05445338552062
HG01927	-4.97598416965269
HG01932	-1.85239005912266
HG01933	-3.32714132573321
HG01935	-1.44639123138629
HG01936	-8.64999175433264
HG01938	-3.81128746166792
HG01939	-4.05182392127588
HG01941	-5.44125872640184
HG01942	-1.9672259004496
HG01944	-6.98024618576153
HG01945	-8.36385810942802
HG01947	-5.47463793838037
HG01948	-6.75888297297735
HG01950	-9.8767360335498
HG01951	-8.24481107842076
HG01953	-9.32677900895885
HG01954	-4.6863126132395
HG01956	-5.22045824224975
HG01958	-2.17946372757557
HG01961	-3.49466733109146
HG01965	-6.58240087581548
HG01967	-3.27170235360614
HG01968	-3.41354613172489
HG01970	-9.76026891025233
HG01971	-10.9155583689881
HG01973	-2.42565533149705
HG01974	-2.71707182220756
HG01976	-5.47624814935559
HG01977	-2.01592462275262
HG01979	-5.0069174957274
HG01980	-5.52439287340152
HG01982	-6.75287608308449
HG01985	-1.35097104152958
HG01986	1.14645893979939
HG01988	2.98125078267521
HG01989	-4.01469509819057
HG01990	-5.95144465728868
HG01991	-0.514263960889182
HG01992	0.312897965526891
HG01997	-8.6925773604084
HG02002	-1.11180834924496
HG02003	-3.34435362297095
HG02006	-2.49442179065852
HG02008	-3.68485536453585
HG02009	-2.6350642522742
HG02010	-1.76037438087967
HG02012	-5.63364704591459
HG02013	-5.11715109741748
HG02014	-1.61541577502573
HG02016	-14.0400211535479
HG02017	-2.0591120492237
HG02019	-5.83423364624375
HG02020	-8.53634125385665
HG02023	-9.59259960971305
HG02025	-14.9359704823586
HG02026	-9.80556208427518
HG02028	-12.4372927312274
HG02029	-13.2921619020458
HG02031	-7.86554088245743
HG02032	-8.19438549232031
HG02035	-6.51320480223535
HG02040	-14.3499313813899
HG02047	-10.8219264733777
HG02048	-11.6798347943037
HG02049	-8.52718566441445
HG02050	-9.76503989098858
HG02051	-1.22973457417492
HG02052	-7.69631237341759
HG02053	-5.14250312724564
HG02054	-1.35127860013659
HG02057	-7.93373679903049
HG02058	-13.2749436066469
HG02060	-11.4786943202098
HG02061	-2.84320490526019
HG02064	-9.82764366748406
HG02067	-8.06001673161959
HG02069	-7.02308255347713
HG02070	-7.73555356667647
HG02072	-7.42017865820161
HG02073	-7.52071846008346
HG02075	-13.9802060164245
HG02076	-9.62148266094582
HG02078	-6.61691227584429
HG02079	-9.78992311863043
HG02081	-7.48422331248502
HG02082	-13.1880267646441
HG02084	-13.0956533703926
HG02085	2.4275881492475
HG02086	-10.7501630964918
HG02087	-9.15650001291323
HG02088	-7.64244800641524
HG02089	-6.17710612164519
HG02090	-4.60064475904477
HG02095	-1.79253666822955
HG02102	0.531207898934566
HG02104	-1.27392240069022
HG02105	-6.08490080973756
HG02107	-1.44759999772166
HG02108	-8.69766740551997
HG02111	-8.8910367567963
HG02113	-10.5689287346471
HG02116	-4.82660108531255
HG02121	-11.5054912650821
HG02122	-6.08521391347385
HG02127	-4.69035689428715
HG02128	-4.72182965712855
HG02130	-10.2976659328215
HG02131	-10.6229600253834
HG02133	-3.43947544501221
HG02134	-8.78956231556127
HG02136	-13.1537036579744
HG02137	-8.72250203430194
HG02138	-9.01618426206985
HG02139	-7.64889405525206
HG02140	-14.9534880046683
HG02141	-9.38283104220346
HG02142	-9.91613294766329
HG02143	0.442673453124398
HG02144	1.73142074719331
HG02146	-4.19374777071123
HG02147	-5.66964015381228
HG02150	0.76228299053748
HG02151	-14.0968124935472
HG02152	-8.51776679396105
HG02153	-6.08023650131944
HG02154	-10.8036202358262
HG02155	-10.9952827906859
HG02156	-9.13976054541974
HG02164	-5.56528784641749
HG02165	-9.02986467300028
HG02166	-8.87557360803588
HG02178	-10.8637475090398
HG02179	-9.15099050279976
HG02180	-11.2757790374319
HG02181	-9.53304167615062
HG02182	-12.2213719431597
HG02184	-9.82180699114284
HG02185	-14.4147440163006
HG02186	-10.2258998151452
HG02187	-6.59078973593954
HG02188	-14.1408178549505
HG02190	-7.27784446557722
HG02215	2.64568347291978
HG02219	2.43414991687742
HG02220	2.94997792928545
HG02221	-4.82637902394481
HG02223	2.72797377604931
HG02224	-0.546159656557351
HG02230	2.5461570828346
HG02231	-3.22848108766835
HG02232	7.68236982614919
HG02233	-5.50834044462874
HG02235	-3.48174890875673
HG02236	6.37845726545448
HG02238	4.9832405755042
HG02239	-1.07510791007709
HG02250	-12.2361496729419
HG02252	1.91214180853371
HG02253	-6.51857187543432
HG02255	-6.50488764091649
HG02256	-4.42836065682336
HG02259	-3.9344172224238
HG02260	1.40733182862121
HG02262	-17.0927555810006
HG02265	-9.2376520422476
HG02266	2.85401405518386
HG02271	-2.33437796346314
HG02272	-8.38792919089595
HG02274	-6.52726812078946
HG02275	-4.5206477452762
HG02277	-9.697325636607
HG02278	-11.9046044236025
HG02281	-3.10915148158332
HG02282	-1.98159863470952
HG02283	-3.2685228227927
HG02284	0.793429284424511
HG02285	-8.4448199422253
HG02286	-5.81219709376407
HG02291	-4.03454512157652
HG02292	-3.62395350484127
HG02298	-0.471547157814654
HG02299	0.237138720856916
HG02301	-7.76461551374309
HG02304	-8.55179388778799
HG02307	-4.81650145697101
HG02308	-6.23157954116575
HG02309	-5.79303679369863
HG02312	-3.11219297432327
HG02314	-9.3764956250477
HG02315	-5.36768959005764
HG02317	-4.22027326959715
HG02318	-2.48101421342804
HG02322	0.118834466446492
HG02323	-3.97669013932468
HG02325	-5.84033605773994
HG02330	-2.4905998532891
HG02332	-7.93897454590768
HG02334	-7.12663183906345
HG02337	1.34312599120694
HG02339	-8.42470749002242
HG02343	-5.98946900596881
HG02345	-5.71860912435443
HG02348	-12.1768570371302
HG02351	-3.49295895006079
HG02353	-7.288861639716
HG02355	-8.49128442102264
HG02356	-14.3384073646903
HG02360	-8.20717559776481
HG02364	-9.23123081109378
HG02367	-12.5448265488165
HG02371	-12.5211442019142
HG02373	-7.57547071663128
HG02374	-8.43774193379486
HG02375	-9.61331619149895
HG02379	-8.92399020899218
HG02380	-5.57925340943699
HG02382	-11.2434454221071
HG02383	-12.0045883337417
HG02384	-10.7122776664999
HG02385	-13.2022745332967
HG02386	-3.5263195360593
HG02389	-13.7028216946955
HG02390	-10.5532370232978
HG02391	-8.53244221556434
HG02392	-9.29070064938823
HG02394	-15.9125580716598
HG02395	-8.78588539984949
HG02396	-11.4763799629403
HG02397	-10.3544754463229
HG02398	-4.42067569071036
HG02399	-12.0498082239643
HG02401	-9.80518701209406
HG02402	-6.73776509236776
HG02406	-8.31425428040445
HG02407	-5.53450587723731
HG02408	-9.24436769090062
HG02409	-8.89188216128662
HG02410	-10.3679445499701
HG02419	-1.42980601006593
HG02420	-5.42565233768327
HG02425	-0.559876853612611
HG02427	-5.65908687483013
HG02429	-1.43707115424595
HG02433	-3.93375079325078
HG02439	-7.19885358114484
HG02442	-4.86121198228105
HG02445	-4.51636464032095
HG02449	0.402344329779603
HG02450	-5.79877824332211
HG02455	-1.69973027391696
HG02461	-7.90459658362233
HG02462	-6.16948306704614
HG02464	-0.458490602996678
HG02465	-4.36430103485139
HG02470	-1.56705882058495
HG02471	-0.782342219041482
HG02476	-4.53828210382638
HG02477	-1.31157371627884
HG02479	-4.38270849850796
HG02481	-7.26417755377749
HG02484	-4.5368253747566
HG02485	-3.31407390788968
HG02489	-5.22385683053805
HG02490	0.591926140822429
HG02491	0.945333725943069
HG02493	1.19736320600485
HG02494	1.56676855315504
HG02496	-1.59147188388457
HG02497	-3.52308161220068
HG02501	-2.92781099290286
HG02502	-2.998775064002
HG02505	-5.33398945507769
HG02508	-7.70080813807296
HG02511	-4.10871278644191
HG02512	-11.118215768029
HG02513	-9.33617201899787
HG02521	-9.77250376583908
HG02522	-9.39982684294429
HG02536	-10.9277143771983
HG02537	-2.55502228631895
HG02541	-6.75467410875549
HG02545	-1.46317563012654
HG02546	-7.79693409307627
HG02549	-4.91644892054532
HG02554	-1.47909051051322
HG02555	-1.2824239386997
HG02557	-2.21643084558614
HG02558	-7.63054991861622
HG02561	-3.97432017458989
HG02562	-7.10509433019443
HG02568	-3.63871590119905
HG02570	-2.59100117698931
HG02571	-4.86766126976226
HG02573	-5.6672538139464
HG02574	-6.88743480946582
HG02577	-8.33430179159855
HG02580	-5.68243431746528
HG02582	-2.96326157339884
HG02583	-3.98419411090868
HG02585	-5.19433315504439
HG02586	-4.39221912888932
HG02588	-6.55116535279818
HG02589	-6.65582943765026
HG02594	-7.35102255413534
HG02595	-1.55925697749063
HG02597	-0.562299059245571
HG02600	-3.79278262626711
HG02601	1.85826866168807
HG02603	-1.95658052739473
HG02604	7.1645804808173
HG02610	-3.00765924883206
HG02611	-7.26223950026157
HG02613	-6.03193355386721
HG02614	-3.78638230325246
HG02620	-3.14719923838798
HG02621	-4.68875131543575
HG02623	-3.5163778772103
HG02624	-3.02338292916292
HG02628	-8.04861372912203
HG02629	-4.5209471511308
HG02634	-3.9640931646846
HG02635	-4.58802346305383
HG02642	-6.60229362188708
HG02643	-4.95519285233873
HG02645	-7.61831601750689
HG02646	-5.338906490756
HG02648	-5.40583550549639
HG02649	1.94791983609982
HG02651	-0.257126190924199
HG02652	-5.2082023533217
HG02654	2.02505456270236
HG02655	4.49257819629798
HG02657	3.19454500446147
HG02658	-3.85349837592982
HG02660	-3.11274398846875
HG02661	3.32942526531907
HG02666	-6.56741841363339
HG02667	-1.63908680761954
HG02675	-6.58211731199208
HG02676	-1.82741917165113
HG02678	-6.4270064786145
HG02679	-2.78407365442987
HG02681	0.695514155933273
HG02682	-1.09583992808363
HG02684	-1.154925191898
HG02685	-2.36213393947286
HG02687	0.834179454679578
HG02688	-5.05871042333805
HG02690	1.09105425677285
HG02691	-1.14267234787186
HG02694	4.04221167354017
HG02696	4.62202191846647
HG02697	0.694168272232064
HG02699	-5.74484872289757
HG02700	3.18299549936825
HG02702	-7.67537488151747
HG02703	-6.33263450580235
HG02715	-3.49932266861921
HG02716	-6.66043460256418
HG02721	-5.80775437802038
HG02722	-5.20504281612718
HG02724	4.2918828684683
HG02725	-3.44517931168283
HG02727	-2.84158567355514
HG02728	-4.34307014918159
HG02731	-3.63558989625632
HG02733	0.252637402378261
HG02734	-4.50236165500743
HG02736	2.77587033112345
HG02737	-0.223669592228703
HG02756	-5.63361575295784
HG02757	-6.20515011038658
HG02759	-0.49954574367388
HG02760	-5.4514597486409
HG02763	-4.70340281440898
HG02768	-0.836079878948473
HG02769	-6.04765766450448
HG02771	-6.13978257146751
HG02772	-4.91465916883637
HG02774	-11.4520477135173
HG02775	-1.58867788125314
HG02778	-2.32248333506325
HG02780	-0.509306151093195
HG02783	-8.62835988840498
HG02784	-5.77313516744877
HG02786	-1.07825489738238
HG02787	-1.88277941962604
HG02789	-4.06971775812806
HG02790	3.83215480956175
HG02792	-2.47791441355731
HG02793	-5.9970184901309
HG02798	-7.44925018119942
HG02799	-5.23691146215137
HG02804	-7.71065229446779
HG02805	-5.96802243202375
HG02807	-6.33526678448952
HG02808	-4.57491231295168
HG02810	-5.83995393047507
HG02811	-8.22529188757888
HG02813	-4.56420912203598
HG02814	-4.65457025602209
HG02816	-7.44114833734436
HG02817	-2.47540705835441
HG02819	-1.76298989388721
HG02820	-6.32889855598292
HG02836	-3.07516021276987
HG02837	-6.20831093342602
HG02839	-4.49842910937947
HG02840	-6.26911443510644
HG02851	-8.63697884276728
HG02852	-2.39787088838008
HG02854	-4.41414890023392
HG02855	-6.7620620908199
HG02860	-2.84806124874506
HG02861	-7.33719156188785
HG02870	-6.01882788518907
HG02878	-1.85723282874832
HG02879	-5.64367230863887
HG02881	-2.45827479905486
HG02882	-5.3703584815402
HG02884	-6.88472944077692
HG02885	-5.9496054647395
HG02887	-7.79549611946185
HG02888	-4.38088614899946
HG02890	-5.06986131711818
HG02891	-2.27474248673515
HG02895	-6.91029820069131
HG02896	-3.78528384648663
HG02922	-4.47552548568816
HG02923	-0.489355377021444
HG02938	-2.28106061090481
HG02941	-0.340654073592048
HG02943	-4.69779224586028
HG02944	-5.29769705539076
HG02946	-4.86454688330242
HG02947	-5.4670790317056
HG02952	-4.83128584104275
HG02953	-5.42918408299416
HG02968	-5.13019505473751
HG02970	-3.41983817269253
HG02971	-0.274271379750126
HG02973	-4.65897739166329
HG02974	-5.16587643948354
HG02976	-1.12213321346719
HG02977	-1.56269189255169
HG02979	-4.25447320316899
HG02981	-3.79712167705551
HG02982	-6.01953251411147
HG02983	-5.22222352207472
HG03006	-2.90111812582574
HG03007	-2.1009310030873
HG03009	-5.75308210293619
HG03012	-4.49840829720589
HG03015	-4.71884397663339
HG03016	-2.66849855135456
HG03018	-1.49744282503882
HG03019	2.45202931880768
HG03021	2.12470851865691
HG03022	-6.58721341830518
HG03024	-4.54076782158358
HG03025	-7.08116893360512
HG03027	-0.869925679236116
HG03028	-3.68774288098418
HG03039	-2.80522177029101
HG03040	-5.77327049811049
HG03045	-5.18351336340635
HG03046	-6.5459367713017
HG03048	-4.11989562649958
HG03049	-6.48343806621258
HG03052	-5.93638307652513
HG03054	-9.14883718911018
HG03055	-3.19784120931566
HG03057	-7.25255414862186
HG03058	-7.60340317990966
HG03060	-6.77339815505284
HG03061	-6.5008613639137
HG03063	-8.03231156875827
HG03064	-3.5061749409793
HG03066	-10.0015399466005
HG03069	-7.44145217118794
HG03072	-8.65208063743013
HG03073	-7.43008378595222
HG03074	-3.72308066593385
HG03077	-7.26658726567423
HG03078	-7.15100734924306
HG03079	-5.11570769771717
HG03081	-4.96627437099872
HG03082	-2.94705709877619
HG03084	-3.13159294408189
HG03085	-6.976978192296
HG03086	-8.29676187233361
HG03088	-1.65992612268247
HG03091	-4.28952127616857
HG03095	-4.6529184586503
HG03096	-3.14360203350309
HG03097	-11.685845388595
HG03099	-5.04005653544109
HG03100	-2.12239672177146
HG03103	-5.85575196775939
HG03105	-1.80299235597564
HG03108	-3.15014183340571
HG03109	-3.310945784375
HG03111	-7.01771232990948
HG03112	-2.20072680952204
HG03114	-3.99935844673936
HG03115	-4.72106938499867
HG03117	-0.205242425863166
HG03118	-0.37352011235887
HG03120	-0.64309359953006
HG03121	-6.31012592538092
HG03123	-1.14105828017635
HG03124	-6.28830945458688
HG03126	-6.42954635400655
HG03127	-6.29290125397096
HG03129	-4.23700835094726
HG03130	-4.18068485831961
HG03132	-5.48515695846778
HG03133	-3.65794608432332
HG03135	-3.6007278702314
HG03136	2.7093850072305
HG03139	-3.76885072011079
HG03157	-4.42665116215631
HG03159	-4.6570012957022
HG03160	-3.46009548315854
HG03162	-6.50122655652439
HG03163	-5.54635204102253
HG03166	-0.812594031672565
HG03168	-3.12234928738883
HG03169	-5.8909327077893
HG03172	-1.84077883384841
HG03175	-4.0479334275825
HG03189	-5.43610509605256
HG03190	-4.84136932761086
HG03193	-4.04687525734209
HG03195	-0.988609228820261
HG03196	-4.02907614958269
HG03198	-2.73950772503859
HG03199	-6.91370206062494
HG03202	-3.37707908687963
HG03209	-5.41848762185911
HG03212	-2.40422895870328
HG03224	-3.18097062091748
HG03225	-1.59304560153401
HG03228	-6.60450035949323
HG03229	-1.70361426678058
HG03234	-2.77961598791842
HG03235	-5.09570683950326
HG03237	-2.78330517755694
HG03238	-5.50940660695089
HG03240	-3.96316950539908
HG03241	-3.55649267493606
HG03246	-10.2619742555731
HG03247	-6.22554558150125
HG03258	-5.12787673111506
HG03259	-8.41957117420931
HG03265	-4.45134832037143
HG03267	-6.89947581268143
HG03268	-4.4779198977644
HG03270	-3.1927131707289
HG03271	-4.55449173323647
HG03279	-1.3982736545848
HG03280	-1.78485136888398
HG03291	-5.03910175885799
HG03294	-6.14405993314541
HG03295	-1.84636769928908
HG03297	-4.88650542975454
HG03298	-5.06456611644585
HG03300	0.640039737230505
HG03301	-5.54831001297253
HG03303	-5.45581316640938
HG03304	-1.37883612761847
HG03311	-2.74569176866783
HG03313	-4.04162792772905
HG03342	-3.15296416578943
HG03343	-3.91204054324156
HG03351	-6.47388204586155
HG03352	-5.22643193722563
HG03354	-5.37680796495558
HG03363	-3.87901499628139
HG03366	-2.02529888294484
HG03367	-4.61570393568428
HG03369	-4.66556399333931
HG03370	-5.09309688408784
HG03372	-4.12847866288212
HG03376	-2.67624991480733
HG03378	-2.17535699702377
HG03380	-6.49637905251051
HG03382	-4.43494978230869
HG03385	-3.14540437879018
HG03388	-6.55401852057949
HG03391	-5.33863795697536
HG03394	-6.59030517118257
HG03397	-4.95250194817721
HG03401	-2.81207624857351
HG03410	-5.32006555438814
HG03419	-5.10009906388561
HG03428	-3.27562974902224
HG03432	-7.8410235282002
HG03433	-4.18258713690613
HG03436	-4.51078660382779
HG03437	-9.61013665714466
HG03439	-12.7629119673232
HG03442	-4.10550428558443
HG03445	-4.62348962355833
HG03446	-4.0849140021069
HG03449	-5.61939171873978
HG03451	-6.91528371631663
HG03452	-3.79335513441968
HG03455	-5.62106468924191
HG03457	-3.33180736363187
HG03458	-5.82148285222608
HG03460	-3.34271816084953
HG03461	-5.82109900234495
HG03464	-3.40560700239744
HG03469	-4.66940009052961
HG03470	-2.82483060654882
HG03472	-6.82458572832513
HG03473	-0.509345485135513
HG03476	-3.83498670427301
HG03478	-9.15666483160751
HG03479	-6.82659220520335
HG03484	-5.57040803564121
HG03485	-6.9884244916744
HG03488	-4.31772095827681
HG03490	1.45520657588444
HG03491	-3.23687322743888
HG03499	-6.26132579421846
HG03511	-1.27492077429633
HG03514	-4.7396249126184
HG03515	-3.88146824718172
HG03517	-5.35859327122071
HG03518	-1.34454867663312
HG03520	-2.59126789579961
HG03521	-5.71474057420205
HG03538	-4.56535392296751
HG03539	-6.47891124583083
HG03547	-6.55088387673506
HG03548	-6.56946625021369
HG03556	-5.70137379817703
HG03557	-6.54301107465897
HG03558	-2.41927622589816
HG03559	-4.09327106633189
HG03563	-4.36866731234782
HG03565	-3.57256932079601
HG03567	-5.35205532514892
HG03571	-6.65500864135214
HG03572	-5.12978213769704
HG03575	-3.17524554751935
HG03577	-4.95561546570275
HG03578	-7.02700794964124
HG03583	-6.25931830485616
HG03585	-3.28882929114004
HG03589	-8.62389864775215
HG03593	-10.6973365074983
HG03594	-3.92363117729004
HG03595	-7.46669427489146
HG03598	0.242701859182679
HG03600	-3.45778406882856
HG03603	-2.53982574836452
HG03604	-3.54794613856856
HG03607	-0.518400899250254
HG03611	-5.37951698785869
HG03615	-7.65515980235389
HG03616	-1.49336057012124
HG03619	-5.99919193340929
HG03624	0.284873358479586
HG03625	2.13153514359835
HG03629	-2.34282061169477
HG03631	-2.67813359393971
HG03634	-0.617967662490659
HG03636	0.0761640987287228
HG03640	-11.1079561439785
HG03642	0.88507483959593
HG03643	0.173156885762881
HG03644	-4.67357595371727
HG03645	-2.62029618720168
HG03646	-1.37272753281059
HG03649	-1.6822661199507
HG03652	1.70707719520506
HG03653	3.84076148792669
HG03660	3.124291862905
HG03663	0.322808092243052
HG03667	-4.44639816131087
HG03668	6.83349188220205
HG03672	3.49581973665469
HG03673	-0.935944920065142
HG03679	-2.91348855691316
HG03680	-9.01601704751257
HG03681	9.1189160647573
HG03684	-2.36534309439211
HG03685	-3.8863251034202
HG03686	-4.80085709198876
HG03687	2.14496970217488
HG03689	9.20289868031187
HG03690	-6.46522340519746
HG03691	-2.03927507965491
HG03692	0.896443600543223
HG03693	-4.34229937091902
HG03694	-4.45734554902961
HG03695	1.91118173814475
HG03696	-8.6814915147848
HG03697	-7.81342742194694
HG03698	-1.30174173536449
HG03702	-9.10897335424275
HG03703	3.22912678761082
HG03705	-5.42824011625972
HG03706	6.15475206127782
HG03708	-5.47962035804048
HG03709	-2.68078192738691
HG03711	1.42592369178895
HG03713	1.25834783876453
HG03714	-2.44537357232244
HG03716	2.33892503571657
HG03717	-5.50267085442836
HG03718	-5.11955110657525
HG03720	-1.30408368659133
HG03722	-1.29299412004914
HG03727	2.457204928782
HG03729	-1.10602406822029
HG03730	5.79172852633361
HG03731	3.78216942209634
HG03733	-2.950875149897
HG03736	-3.97871869918271
HG03738	2.5805083791429
HG03740	-4.47580357422065
HG03741	-3.40904327159861
HG03742	4.18143503520329
HG03743	-9.54496238260242
HG03744	-5.39586097608599
HG03745	-14.4239463397865
HG03746	3.69830739928133
HG03750	-2.05385854273521
HG03752	-4.90486369137375
HG03753	-7.86147600141611
HG03754	-1.24764071236627
HG03755	-5.5997706237914
HG03756	-0.849713344888844
HG03757	-6.92725572191323
HG03760	-4.08103180512629
HG03762	-9.27965590749637
HG03765	-1.38701972791895
HG03767	-2.86468424154194
HG03770	-0.347477085426545
HG03771	-3.89117301853254
HG03772	-0.741890776368018
HG03773	-7.28532729951332
HG03774	-0.0331080230448041
HG03775	1.19144916542969
HG03777	-3.07560614714889
HG03778	-8.10268778898872
HG03779	-4.7749206790957
HG03780	-0.926093674326683
HG03781	-6.99306692195753
HG03782	-0.10779390647818
HG03784	-0.874787574490506
HG03785	-5.0246418629847
HG03786	-4.17647066742461
HG03787	-0.321321219723123
HG03788	-5.29552725839433
HG03789	1.02557624045424
HG03790	7.50436644875798
HG03792	-9.08903028483642
HG03793	-5.89342358349532
HG03796	-9.62117784495394
HG03800	-1.6798437685954
HG03802	-1.3555926235414
HG03803	-4.39717916249688
HG03805	-2.88643992764437
HG03808	-5.01943182647083
HG03809	-5.58364430582144
HG03812	-1.5598287739094
HG03814	-11.3975335061993
HG03815	-3.06281837157931
HG03817	2.72917132383933
HG03821	-0.674394410916303
HG03823	-9.42331973811376
HG03824	-1.04995231215221
HG03826	0.0759879411485122
HG03829	-9.06385666175824
HG03830	-2.79864778205701
HG03832	-0.175803172416398
HG03833	-1.34918037694555
HG03836	-4.51491278798288
HG03837	-3.50201827719159
HG03838	-1.97266486159916
HG03844	-0.331070493581886
HG03846	-5.30508057480454
HG03848	-6.56625617291743
HG03849	0.206077896042188
HG03850	-1.42179365593811
HG03851	-4.12178138038423
HG03854	-2.19523658041274
HG03856	-1.25276956025476
HG03857	-4.67214665399325
HG03858	1.41666614142972
HG03861	-1.09388116157696
HG03862	-1.73224095836601
HG03863	-1.42219714789575
HG03864	-1.09791979392551
HG03866	1.02473132003124
HG03867	-1.32375323591342
HG03868	4.26850657539299
HG03869	0.480920607942913
HG03870	7.12810279221636
HG03871	-1.80306653890608
HG03872	-3.23872579756281
HG03873	-7.08599583952829
HG03874	6.59808355054485
HG03875	0.736517056033559
HG03882	-0.00539545978181903
HG03884	-1.9306519832972
HG03885	-7.57260213664361
HG03886	-12.7858966662537
HG03887	-6.11136386380243
HG03888	2.33211399690473
HG03890	-6.03419412725902
HG03894	-6.10054982655449
HG03895	-0.19879900665308
HG03896	-4.0813319584389
HG03897	-0.680173873523465
HG03898	-2.88001295025364
HG03899	0.412233186427562
HG03900	3.64520212753946
HG03902	2.59701057115013
HG03905	-3.82976702665016
HG03907	-2.10274642870921
HG03908	-2.20385182239961
HG03910	-6.34865139068964
HG03911	-5.7864588375897
HG03913	-3.21425203745336
HG03914	-7.79269107949185
HG03916	-1.10961117044593
HG03917	-1.81855172600657
HG03919	2.17729119834588
HG03920	-1.85363789522555
HG03922	4.4595697168016
HG03925	-5.21959599970075
HG03926	-4.35995205596067
HG03928	-1.41850291512055
HG03931	-11.7191491530867
HG03934	-9.74467706000966
HG03937	-4.26851597383596
HG03940	0.0335729850974319
HG03941	-6.87402365445093
HG03943	-0.215636664294719
HG03944	-4.15467646990745
HG03945	-7.69442109995753
HG03947	2.79888551706891
HG03949	-1.74612622468053
HG03950	-0.561352733962912
HG03951	-0.11433415549516
HG03953	3.87269424086948
HG03955	-4.48619965554436
HG03960	-4.17570880911938
HG03963	-6.75919453471929
HG03965	-4.20570343074557
HG03967	1.87199730694506
HG03968	-2.77921898810881
HG03969	-4.55646733061611
HG03971	0.681659035630177
HG03973	2.91047807444021
HG03974	-2.83178015567062
HG03976	-1.24491197130375
HG03977	-2.30057515117302
HG03978	-1.87056598507774
HG03985	-5.63315690055833
HG03986	-2.92548185430692
HG03989	-7.04870806129407
HG03990	-2.07320252341782
HG03991	-5.68017992151173
HG03995	-4.20449396323895
HG03998	-5.41312436398198
HG03999	-7.75731924006267
HG04001	-5.18983537128183
HG04002	-2.59766085949195
HG04003	0.408162706593598
HG04006	-2.71649736100048
HG04014	-1.02621145154699
HG04015	-0.395897439902457
HG04017	-1.70074818087816
HG04018	-3.04486256246389
HG04019	-6.21075905030696
HG04020	2.76799682016697
HG04022	-4.28616658610132
HG04023	-6.45395363852385
HG04025	-0.497030136314865
HG04026	3.30914018553609
HG04029	2.45553519261783
HG04033	-4.37262575325599
HG04035	-1.3292075702381
HG04038	-1.95799251233412
HG04039	0.860551029581266
HG04042	-5.35038175196009
HG04047	-7.3223622848738
HG04054	1.78119691718518
HG04056	-9.1015678201775
HG04059	-2.32594535875388
HG04060	0.953588181618331
HG04061	-6.7108677173859
HG04062	-6.09944419664264
HG04063	-6.33252907487967
HG04070	-5.20612223802523
HG04075	-5.17025465923354
HG04076	-1.77772992748287
HG04080	-1.68046101890158
HG04090	-1.63956600462718
HG04093	-3.25505678359304
HG04094	-0.672381125809046
HG04096	-2.34485429651806
HG04098	-3.37687689743059
HG04099	-1.93257128813912
HG04100	-3.6191901758935
HG04106	-10.3594494520261
HG04107	-5.86584610393481
HG04118	4.13215094824274
HG04131	-7.51952643314052
HG04134	-2.86167083673578
HG04140	-8.11067360329501
HG04141	-7.19985583858875
HG04144	-1.02237983010088
HG04146	-2.92229892312652
HG04152	-1.74569786166747
HG04153	-6.67947944998069
HG04155	-5.04614777859506
HG04156	-2.14817204995532
HG04158	3.21648833818017
HG04159	-4.18624912723812
HG04161	-7.12895557086456
HG04162	-4.94478377348889
HG04164	-8.02299546575541
HG04171	-4.95990478638992
HG04173	-7.45892704974564
HG04176	-7.98960020029059
HG04177	-4.53715453299598
HG04180	-6.07852586143644
HG04182	-6.62109132115014
HG04183	-5.0253087546418
HG04185	3.29518869616409
HG04186	-3.8628547544507
HG04188	-5.14789244081742
HG04189	-0.103311546990797
HG04194	-8.24957723538967
HG04195	1.78904090950583
HG04198	0.233059631467819
HG04200	5.67452822888654
HG04202	-2.15181900994393
HG04206	-2.95648690850783
HG04209	-1.82663896331618
HG04210	0.86395962785478
HG04211	-9.91151026930035
HG04212	-4.02800456150825
HG04214	2.23132947374096
HG04216	2.46171620430614
HG04219	-7.09228183507444
HG04222	-6.17263824477036
HG04225	0.859703861277241
HG04227	-0.674778599276641
HG04229	-7.62218308020711
HG04235	-6.09379287334503
HG04238	-6.074522576194
HG04239	1.16093309733028
NA06984	3.59468566971365
NA06985	15.9534814463865
NA06986	6.06859534025179
NA06989	1.61924025003242
NA06994	7.24611742462139
NA07000	4.21929150769591
NA07037	7.20118583094538
NA07048	7.24228545394654
NA07051	5.96651780390842
NA07056	6.49643255618035
NA07347	-0.832238309894187
NA07357	3.29969818963193
NA10847	8.74732319105352
NA10851	7.23696345510641
NA11829	12.2355841001383
NA11830	6.01416404089443
NA11831	8.2037236383582
NA11832	-0.114691574851579
NA11840	8.45475746280932
NA11843	10.1237642972996
NA11881	13.8795915877743
NA11892	5.28857406413913
NA11893	3.29939886099528
NA11894	8.2155295154897
NA11918	10.1579446978373
NA11919	5.85560677183698
NA11920	4.242481227653
NA11930	6.6521444759051
NA11931	7.21747796144617
NA11932	8.04443926164695
NA11933	6.72038053107635
NA11992	2.18501866103191
NA11994	2.64104246495495
NA11995	7.96991062523223
NA12003	2.41408796350668
NA12004	2.68249720173929
NA12005	4.53493853689384
NA12006	10.8169528206903
NA12043	6.23805366037388
NA12044	12.9044282225788
NA12045	5.04810845308932
NA12046	5.61505540846632
NA12058	-3.88028395357051
NA12144	5.15174266606993
NA12154	7.77039645366991
NA12155	6.47810953716017
NA12156	-1.28217518485605
NA12234	1.17135400996418
NA12249	9.79335418639992
NA12272	0.240483428195114
NA12273	0.398317841900351
NA12275	9.98398423279185
NA12282	0.545037083261864
NA12283	7.20140451856108
NA12286	2.09368504489627
NA12287	5.14598377185173
NA12340	4.7235361464882
NA12341	15.4001452575874
NA12342	5.39591278231924
NA12347	3.1724097354371
NA12348	1.92686706294133
NA12383	7.75039981050917
NA12399	5.97923446875435
NA12400	14.2185372426242
NA12413	2.16925784925936
NA12414	3.69681105002389
NA12489	5.87440163254983
NA12546	9.55473665548976
NA12716	9.84096811793111
NA12717	9.93247195941363
NA12718	8.28729751059021
NA12748	7.1139787213091
NA12749	11.8830997281841
NA12750	4.76247097065057
NA12751	2.70323857469698
NA12760	-0.866198164243935
NA12761	14.4469478457791
NA12762	8.20110705323082
NA12763	0.278260118188837
NA12775	6.44995792347125
NA12776	5.80953729695234
NA12777	1.39509051444923
NA12778	15.5927077817666
NA12812	4.44754938021699
NA12813	1.27260328018635
NA12814	8.65537384261434
NA12815	3.1766304184003
NA12827	8.44426160731039
NA12828	1.08741747504942
NA12829	-0.871854186844504
NA12830	1.63361978009482
NA12842	6.4178428482272
NA12843	15.8762459668004
NA12872	6.86315693816582
NA12873	13.4366967057445
NA12874	0.766432471098418
NA12878	7.47168755416935
NA12889	-5.02677386332228
NA12890	7.47564316734573
NA18486	-5.74667286673679
NA18488	-0.856092653370724
NA18489	-2.11975107845089
NA18498	-3.3258372262388
NA18499	-5.86079591448074
NA18501	-2.97729495062734
NA18502	-3.4465854227036
NA18504	-7.7660342617319
NA18505	-3.29556796265074
NA18507	-5.30531187931121
NA18508	-8.05650156344367
NA18510	-5.79092100924458
NA18511	-2.69171502467578
NA18516	-5.25731147157257
NA18517	0.761290663933925
NA18519	-2.51068375345097
NA18520	-2.4524642837407
NA18522	-1.96598328564343
NA18523	-2.94455986108478
NA18525	-3.92019400654034
NA18526	-6.65065492445728
NA18528	-11.3041616451927
NA18530	-9.46090422663274
NA18531	-8.20219103523569
NA18532	-5.53194225595602
NA18533	-6.09642825177885
NA18534	-6.23020101153747
NA18535	-5.9819589851315
NA18536	-5.88025070639786
NA18537	-6.32009017184458
NA18538	-7.40159387255877
NA18539	-5.61289153614308
NA18541	-8.25734054526329
NA18542	-10.3584508676027
NA18543	-13.9825497320052
NA18544	-13.3784455005391
NA18545	-11.1778917914218
NA18546	-10.2173476973968
NA18547	-7.01779231475841
NA18548	1.33000124529502
NA18549	-8.8967552754532
NA18550	-0.000492727232780761
NA18552	-6.06218223109632
NA18553	-5.14242966865561
NA18555	-9.09346835357417
NA18557	-4.39463503356687
NA18558	-6.48833779633568
NA18559	-12.1537577150534
NA18560	-9.13391933193333
NA18561	-11.278433338812
NA18562	-9.68547253974531
NA18563	-13.0619111465422
NA18564	-3.81529452021205
NA18565	-9.17678383295254
NA18566	-7.70559846209979
NA18567	-14.3688138574872
NA18570	-10.7878636709633
NA18571	-2.7356477440489
NA18572	-10.8479309471345
NA18573	-11.6910150334355
NA18574	-10.0901741391605
NA18577	-7.3764974955045
NA18579	-4.05689185619914
NA18582	-8.00863274699778
NA18591	-8.31541428867744
NA18592	-8.19953652913585
NA18593	-2.81314592723659
NA18595	-10.6754191744354
NA18596	-5.82975543984993
NA18597	-6.25365018401418
NA18599	-6.94414377421944
NA18602	-6.14117565633065
NA18603	-7.94699840950878
NA18605	-8.20090150080208
NA18606	-5.22495966680997
NA18608	-5.56160755208197
NA18609	-8.06803256251911
NA18610	-5.98161298606769
NA18611	-7.54056234041257
NA18612	-7.89297531349236
NA18613	-8.6296958458196
NA18614	-15.3436197804358
NA18615	-11.9188894911146
NA18616	-2.42350935849719
NA18617	-8.23007510666621
NA18618	-11.1258973910374
NA18619	-10.8735772594407
NA18620	-7.21910912318753
NA18621	-9.43960690959946
NA18622	-10.3051359886211
NA18623	-8.65603560921345
NA18624	-5.62310379563818
NA18625	-5.52776621862879
NA18626	-6.83026404944921
NA18627	-11.7701813115958
NA18628	-4.98163449839176
NA18629	-10.7427823151369
NA18630	-6.24668572419986
NA18631	-6.75673848414578
NA18632	-14.6926654402501
NA18633	-7.42861525563466
NA18634	-14.9529229067173
NA18635	-11.831628495269
NA18636	-7.76106994286574
NA18637	-9.3107702460243
NA18638	-7.03117662231444
NA18639	-5.97421372945271
NA18640	-6.89499238690523
NA18641	-11.1079095449435
NA18642	-0.424623989050819
NA18643	-10.6185135428699
NA18644	-8.99100279279608
NA18645	-13.304815257757
NA18646	-8.04171888918302
NA18647	-13.5564901229799
NA18648	-8.1405786196802
NA18740	-12.4484848970053
NA18745	-11.8960211511879
NA18747	-10.4449862932418
NA18748	-5.78823398833974
NA18749	-4.57234589423307
NA18757	-2.91582053651431
NA18853	-4.4419356677594
NA18856	-1.9643633976681
NA18858	-5.47901450252895
NA18861	-5.99481569624205
NA18864	-3.57040481104473
NA18865	-2.60736493405542
NA18867	-3.38709944904336
NA18868	-2.870024715753
NA18870	-3.45499625285655
NA18871	-0.160013097398438
NA18873	-1.45511352603275
NA18874	-3.25434922378958
NA18876	-7.8436634337039
NA18877	-4.39480668774892
NA18878	-3.46946596883946
NA18879	-6.24113780933748
NA18881	-3.68058124244979
NA18907	-5.2687406474868
NA18908	-0.135391100564633
NA18909	-8.53261296149171
NA18910	-5.55928656352106
NA18912	-9.22209400956607
NA18915	-6.37314576693064
NA18916	-3.31023287827606
NA18917	-4.68102449967262
NA18923	-1.83098031032352
NA18924	-3.54204419284504
NA18933	-6.39361461165084
NA18934	-4.8445720197009
NA18939	-7.96779616842149
NA18940	-12.912637998474
NA18941	-8.09898969612155
NA18942	-14.2292853510646
NA18943	-10.8011711332097
NA18944	-6.72854500906893
NA18945	-6.11977889755015
NA18946	-6.30023474366095
NA18947	-9.58031472904375
NA18948	-11.4383248501592
NA18949	-11.8371379746483
NA18950	-10.3986562835623
NA18951	-12.9237043848928
NA18952	-12.8960839582737
NA18953	-7.97871784059519
NA18954	-7.54790754806987
NA18956	-14.6021406047454
NA18957	-4.56763592329424
NA18959	-11.5132863560862
NA18960	-8.79054404144485
NA18961	-9.18779638968793
NA18962	-7.98560924745666
NA18963	-12.7216006585853
NA18964	-10.6971346487461
NA18965	-9.2459560256926
NA18966	-13.292809235953
NA18967	-4.51644209767789
NA18968	-19.2530823381865
NA18969	-5.35669083930159
NA18970	-10.1699640560674
NA18971	-14.8401083313625
NA18972	-12.1557940970837
NA18973	-12.2988368978652
NA18974	-15.0562307026306
NA18975	-7.6116682849661
NA18976	-2.54411550978919
NA18977	-10.2936482734251
NA18978	-10.3442753739635
NA18979	-8.56023359593448
NA18980	-11.2309219036977
NA18981	-11.8665239316594
NA18982	-11.7411479682336
NA18983	-9.34237738135367
NA18984	-12.2208683557971
NA18985	-3.83612387817186
NA18986	-10.2348580147471
NA18987	-9.49608019140556
NA18988	-8.53453734966894
NA18989	-9.73568330724942
NA18990	-8.70039200293121
NA18991	-10.1962861106484
NA18992	-10.8844636407112
NA18993	-5.98734775213065
NA18994	-3.18453246972703
NA18995	-7.6447845819739
NA18997	-8.60820609039077
NA18998	-12.0624808887382
NA18999	-10.8214031320304
NA19000	-8.78417152515472
NA19001	-8.45413766026359
NA19002	-19.6429484705788
NA19003	-10.3378611185124
NA19004	-18.1217743210107
NA19005	-12.528080292749
NA19006	-12.3019860315149
NA19007	-7.98721795249615
NA19009	-6.18470874878489
NA19010	-13.7810222518562
NA19011	-3.80742474122323
NA19012	-14.6069553574763
NA19017	-7.51536031692801
NA19019	-3.45885940059892
NA19020	-5.31962808887539
NA19023	-4.64127269681214
NA19024	-3.60658910572234
NA19025	-1.39316958046895
NA19026	-1.49499411989481
NA19027	-6.46542318956152
NA19028	-6.08434304306571
NA19030	-1.40552264022565
NA19031	-6.07364348555004
NA19035	-7.71378630368409
NA19036	-8.15382276011879
NA19037	-6.4673739408126
NA19038	-6.75084875962409
NA19041	-5.83599177175487
NA19042	-6.94499500538037
NA19043	-4.17942703299866
NA19054	-5.84883663542031
NA19055	-3.36789120219249
NA19056	-8.87794176268266
NA19057	-7.93609639159166
NA19058	-8.26707817400101
NA19059	-10.7139952481387
NA19060	-10.5472172568282
NA19062	-7.37316189758386
NA19063	-12.0873703812981
NA19064	-4.67714122806246
NA19065	-7.51816742066731
NA19066	-11.8074386119208
NA19067	-9.30943986547379
NA19068	-12.7000909141957
NA19070	-11.6442012061737
NA19072	-8.89765782335824
NA19074	-12.1514697269862
NA19075	-10.5251303486238
NA19076	-8.56731504919794
NA19077	-9.4158181469303
NA19078	-8.01406528646443
NA19079	-7.79255233689102
NA19080	-9.36743783970916
NA19081	-11.6369664355077
NA19082	-14.0438772834008
NA19083	-9.81029364216397
NA19084	-8.56772777755306
NA19085	-12.348844413336
NA19086	-7.14764018840318
NA19087	-2.13440057186105
NA19088	-7.9396697531813
NA19089	-10.8869721143928
NA19090	-7.51989157260009
NA19091	-7.8301219141005
NA19092	-2.87594377786716
NA19093	-5.84132764571477
NA19095	-2.820015993895
NA19096	-5.30704789206387
NA19098	-5.45440574829513
NA19099	0.645623460814431
NA19102	-2.62922434086765
NA19107	-3.47852869952376
NA19108	-6.42117668180227
NA19113	-6.89128722066127
NA19114	-0.767632684483977
NA19116	-3.7737307860754
NA19117	-4.76392024504853
NA19118	-4.78565289687651
NA19119	-1.87063872349924
NA19121	-7.89400692249526
NA19129	-3.24336291931255
NA19130	-4.87682350916698
NA19131	-4.56258496206375
NA19137	-2.97643446187565
NA19138	0.716566942472573
NA19141	-3.11193992148203
NA19143	-6.19507563915159
NA19144	-5.64259448733485
NA19146	-3.99082197168221
NA19147	-9.47033446823944
NA19149	-4.93097916557048
NA19152	-1.32362109801171
NA19153	-4.01293017346468
NA19159	-10.2590434090217
NA19160	-4.91778418206663
NA19171	-0.344709147398878
NA19172	-6.89205627445864
NA19175	-8.64140979781119
NA19184	-6.29504837095356
NA19185	-4.5853779954615
NA19189	-4.99986870846032
NA19190	-6.83786913777629
NA19197	-2.95981426088456
NA19198	-5.47605969837691
NA19200	-0.684827291582339
NA19201	-0.614643703103744
NA19204	-5.93706751161839
NA19206	-5.60838981060407
NA19207	-6.79276134991821
NA19209	-5.69209686282966
NA19210	-5.16966849469858
NA19213	-3.74099387973778
NA19214	-7.09212614772735
NA19222	-4.32617226150351
NA19223	-4.15699017263384
NA19225	-1.06481407822901
NA19235	-7.79140883237649
NA19236	-2.76299330732982
NA19238	-2.03859595574938
NA19239	-6.40061501442901
NA19247	-1.86991568149169
NA19248	-2.47246843532909
NA19256	-3.75299468037147
NA19257	-4.46018512212545
NA19307	-3.79871418146792
NA19308	-2.0673303632644
NA19309	-4.12817007000703
NA19310	-8.11681324192143
NA19312	-2.17973775790916
NA19314	-6.73779965302942
NA19315	-4.52024024820568
NA19316	-6.16995409532139
NA19317	-7.47639260903358
NA19318	-2.56013067891324
NA19319	-3.78026289818634
NA19320	-4.66442040645249
NA19321	-6.14240628811414
NA19323	-9.36233141490271
NA19324	-6.53225999205781
NA19327	-8.18620282900113
NA19328	-7.3005798197791
NA19331	-5.74928823718282
NA19332	-4.30863752326462
NA19334	-2.08777368574049
NA19338	-4.82418609057953
NA19346	-2.11481899702685
NA19347	-4.60409511448649
NA19350	-0.797995436153792
NA19351	-2.05083253717939
NA19355	-8.61377366924864
NA19360	-4.64081579127964
NA19372	-7.94361050376555
NA19374	-5.22372069719197
NA19375	-7.46483157840136
NA19376	-3.59859919835308
NA19377	-2.43354147349601
NA19378	-6.89086991238309
NA19379	-7.5759028008881
NA19380	-8.20630035000988
NA19383	-5.98195192680848
NA19384	-6.22167384955905
NA19385	-6.98734235563352
NA19390	-3.2843857746093
NA19391	-6.10666135935813
NA19393	-3.20922759339791
NA19394	-1.84477845910674
NA19395	-3.75233036898804
NA19397	-5.64229550318742
NA19399	-6.31162327945776
NA19401	-7.18453378310828
NA19403	-3.95830585988421
NA19404	-6.31879868347586
NA19428	-8.71661828082066
NA19429	-6.3997770901772
NA19430	-4.8915591004837
NA19431	-4.58841698713036
NA19434	-2.15375554902145
NA19435	-3.75482769441863
NA19436	-4.97117284437094
NA19437	-4.14999887881918
NA19438	-3.86757106442212
NA19439	-2.19877180084932
NA19440	-3.03677322835851
NA19443	-6.32451562670452
NA19445	-3.67932718738093
NA19446	-4.51681870883
NA19448	-4.45889096508494
NA19449	-7.39553484915858
NA19451	-8.08004120282152
NA19452	-5.64608688488071
NA19454	-4.61441695550964
NA19455	-8.08760270516047
NA19456	-6.69327556067557
NA19457	-5.56801782930278
NA19461	-1.17802686459932
NA19462	-3.08328561195623
NA19463	-5.54730626081039
NA19466	-4.89455814654994
NA19467	-10.9991317459764
NA19468	-1.43014650496017
NA19471	-8.61387430871915
NA19472	-3.52641605795554
NA19473	-6.13430789584489
NA19474	-4.2779613166497
NA19475	-3.67528742417341
NA19625	4.70016445788577
NA19648	1.54294520083871
NA19649	5.32744977068937
NA19651	0.257397828883632
NA19652	-2.17736481577077
NA19654	-1.82668640339101
NA19655	-5.0529529964652
NA19657	-0.94163528692091
NA19658	1.48945771025769
NA19661	-1.58114660837147
NA19663	-12.808102939679
NA19664	-3.20676284021941
NA19669	-2.06006187619458
NA19670	0.300016819205677
NA19676	-3.07335312100592
NA19678	-5.64550387162724
NA19679	-1.00930572558291
NA19681	-6.22846007989902
NA19682	-4.28537519423883
NA19684	7.73228218532856
NA19700	-4.87773244388585
NA19701	0.807439997223825
NA19703	-5.61050827492795
NA19704	-1.48504953583495
NA19707	-3.72013952722389
NA19711	-5.71559314665415
NA19712	-3.38300164320648
NA19713	-3.36415374438078
NA19716	-7.35768691079652
NA19717	-3.761219838771
NA19719	-8.39022938818025
NA19720	-8.27812221215063
NA19722	-1.96476207605983
NA19723	-2.84905627498366
NA19725	-9.94690568479565
NA19726	-3.83035495220465
NA19728	-8.8011183015606
NA19729	-6.29147951564622
NA19731	-9.71610808670959
NA19732	-1.54891637123888
NA19734	-1.82840524117105
NA19735	-5.43139381217915
NA19740	1.26432813116665
NA19741	-8.24469727511614
NA19746	-10.0696691578051
NA19747	-9.95360358239675
NA19749	-1.82997470480756
NA19750	2.40830269862517
NA19752	-3.99548484990226
NA19755	-8.27240542953576
NA19756	-6.56800078041811
NA19758	-9.71037817990599
NA19759	-0.602491271941774
NA19761	-5.27540839648023
NA19762	-0.589539896752941
NA19764	-2.60059971757189
NA19770	-2.36692434613149
NA19771	-9.10792296457971
NA19773	-5.59750311187608
NA19774	-10.9218001531691
NA19776	-2.86010212994679
NA19777	-10.4070259676983
NA19779	-10.6874894849477
NA19780	-11.3115164472727
NA19782	-1.50145705863516
NA19783	-5.27333592157107
NA19785	-3.36340906703286
NA19786	-0.127202280610657
NA19788	-3.90240901640932
NA19789	-4.26295243876603
NA19792	-8.66096570404673
NA19794	-1.61702830526428
NA19795	-3.66127089741796
NA19818	-2.97581649111726
NA19819	-6.81587977492826
NA19834	0.724501050011121
NA19835	-7.62745015704392
NA19900	-4.75430453786452
NA19901	-5.40234857825777
NA19904	2.1112134090984
NA19908	-1.39724033965924
NA19909	-2.94919780720375
NA19913	-2.1437085414884
NA19914	1.95660166980005
NA19916	-1.09760423456989
NA19917	-5.6630042044972
NA19920	-4.09150609029147
NA19921	7.01801499792911
NA19922	-6.15284333497477
NA19923	-0.591235061179267
NA19982	-0.687939713437575
NA19984	-3.26583186933384
NA20126	-3.10559124808271
NA20127	-5.09909535125266
NA20274	2.45115537122431
NA20276	1.44455035386748
NA20278	4.96868055576603
NA20281	-3.42933892027486
NA20282	-5.20634005647302
NA20287	-0.815181715826273
NA20289	-5.98896319686133
NA20291	-0.909640053972841
NA20294	-5.27182779713951
NA20296	-5.65327621031267
NA20298	0.172890770828294
NA20299	-2.39320052059496
NA20314	-1.09124067590372
NA20317	-2.13287008125419
NA20318	-4.64268655115459
NA20320	-2.41256665234745
NA20321	0.541460455810102
NA20332	-11.4211252620613
NA20334	-5.26109188324778
NA20339	-5.06483973802213
NA20340	0.948296333993489
NA20342	-1.25638254358177
NA20346	1.61835354093128
NA20348	-7.8311350213971
NA20351	-0.190248180427324
NA20355	-3.09062444206487
NA20356	-2.12197443206625
NA20357	-1.32922426839039
NA20359	-9.492113056522
NA20362	-2.56658957374039
NA20412	-5.90627741573873
NA20502	7.30268912890478
NA20503	2.33663991795604
NA20504	-6.41311111760445
NA20505	4.60011788891856
NA20506	-1.81099265031773
NA20507	-2.12425383357824
NA20508	0.58930148950613
NA20509	-0.385735276863898
NA20510	0.86327047401231
NA20511	8.45377080665374
NA20512	2.95424305872082
NA20513	-0.0335491662125341
NA20514	-3.85913292350773
NA20515	2.26315992906418
NA20516	-4.00765756312189
NA20517	-6.4010835968616
NA20518	7.48966518005955
NA20519	-5.20007172879686
NA20520	5.93454349452367
NA20521	-0.252586689175655
NA20522	0.99293067672935
NA20524	-6.04324775361912
NA20525	6.09609203130945
NA20527	4.65215020800552
NA20528	-1.83519310574984
NA20529	-2.04648554732597
NA20530	-2.74193406896077
NA20531	0.280025621289968
NA20532	-4.76538028961461
NA20533	-6.85884661798782
NA20534	2.76627621727209
NA20535	6.17106491758565
NA20536	1.76022977430538
NA20538	3.79124459651319
NA20539	8.6148938189673
NA20540	1.91707903884415
NA20541	-1.33037662722747
NA20542	0.88596458801561
NA20543	-4.24721535996234
NA20544	3.8862084372739
NA20581	-2.34048716942649
NA20582	-3.14749851887587
NA20585	8.51172505193227
NA20586	1.24834158202643
NA20587	-0.37754771272113
NA20588	3.44356230789466
NA20589	-6.1214520331583
NA20752	-2.56714093237926
NA20753	-5.15892817903637
NA20754	3.18853260712139
NA20755	-0.776487548927076
NA20756	-5.54685158579985
NA20757	-7.16703451109853
NA20758	3.73657027252357
NA20759	-1.23971848769399
NA20760	-4.6990253904952
NA20761	-4.33860714486719
NA20762	-3.38741907071695
NA20763	0.803368682608035
NA20764	-1.97902329993228
NA20765	-2.64868498664527
NA20766	0.236505070163095
NA20767	2.28542065462879
NA20768	-4.47655328596738
NA20769	-0.680705587865297
NA20770	-2.54682775161504
NA20771	-0.953063588511963
NA20772	5.22507377390604
NA20773	4.80806793624095
NA20774	-4.80828224485158
NA20775	2.35798138343937
NA20778	-0.70841708073671
NA20783	-1.93737448209734
NA20785	3.82865818633208
NA20786	-0.698048488018952
NA20787	0.146388897992281
NA20790	-1.36416679387659
NA20792	-3.50546840187908
NA20795	1.78500111948878
NA20796	-0.674645574506301
NA20797	-3.25148774747691
NA20798	2.57148330449016
NA20799	-4.61628093816604
NA20800	0.592244307137692
NA20801	3.12260513073991
NA20802	-0.38686768881325
NA20803	3.25735418273795
NA20804	3.75196100188536
NA20805	-2.41555894839707
NA20806	-2.30148509631459
NA20807	0.0343220281218751
NA20808	8.41615663432344
NA20809	3.52747643523327
NA20810	0.646656618853034
NA20811	4.74967235063314
NA20812	-3.613387696548
NA20813	4.11844805313216
NA20814	-3.72109199264836
NA20815	6.58077024627336
NA20818	-2.44217751354663
NA20819	-3.66240331217982
NA20821	-1.65544164298932
NA20822	-12.4517632436657
NA20826	0.558373179104483
NA20827	-7.55032558010058
NA20828	0.618775883665198
NA20832	-1.58791849639423
NA20845	1.14981576334946
NA20846	4.62898116981245
NA20847	1.42371342482818
NA20849	3.61217071570873
NA20850	3.9105545020147
NA20851	-1.23037001304901
NA20852	-2.0973576281783
NA20853	-6.4024457387731
NA20854	-2.78437259926969
NA20856	0.0916823842148835
NA20858	4.90477847114893
NA20859	-7.02854050059007
NA20861	-1.5272321881522
NA20862	4.11757630457218
NA20863	-2.84525078017517
NA20864	3.26700729118086
NA20866	-5.03867301018275
NA20867	-0.952073690017273
NA20868	-3.27157320820763
NA20869	-4.37468652620612
NA20870	-4.07841440703144
NA20872	-3.5839059798958
NA20874	-0.0306760631725779
NA20875	3.9205482746129
NA20876	-4.93879359272904
NA20877	-1.70898525446542
NA20878	-2.96700265102691
NA20881	-0.660538275413346
NA20882	11.1890399416431
NA20884	-4.56672397099027
NA20885	-1.04549485507274
NA20886	2.56727495530503
NA20887	-1.39980101750721
NA20888	-4.02534424733612
NA20889	-1.27919933609765
NA20890	-3.09327587116167
NA20891	3.88350836803456
NA20892	-5.30358246470302
NA20894	5.21281823045344
NA20895	-1.51238785779469
NA20896	5.67265954737278
NA20897	6.28425523110539
NA20899	-7.11281353803897
NA20900	6.78224223373834
NA20901	-3.32170585454277
NA20902	-0.13115138105566
NA20903	3.00969508628887
NA20904	-3.22150329882296
NA20905	1.98487680187863
NA20906	-0.65050374386929
NA20908	-6.79327690831475
NA20910	-8.07975767441733
NA20911	-5.19884754927769
NA21086	-4.06670992864324
NA21087	-6.97398634851504
NA21088	1.5904280765021
NA21089	-2.67432507673831
NA21090	-2.16687321739787
NA21091	-1.70051857525861
NA21092	-3.94452415174484
NA21093	-7.11552159796254
NA21094	1.58745793443115
NA21095	-0.276385201653748
NA21097	2.33276409796824
NA21098	0.38048511160109
NA21099	-4.83316843022613
NA21100	-10.0440963116061
NA21101	4.96305984228952
NA21102	-0.0783434871040354
NA21103	-0.822957240498603
NA21104	-6.18491902406822
NA21105	2.02112818299231
NA21106	2.00144827137796
NA21107	-4.56249637287101
NA21108	0.331324119866345
NA21109	-2.93780519353752
NA21110	1.14048028341156
NA21111	-2.17452105608868
NA21112	1.15575682215538
NA21113	-9.20651458273386
NA21114	-3.68809168679625
NA21115	-2.01215438257623
NA21116	5.40338078533051
NA21117	-2.1895211885555
NA21118	0.913876068984264
NA21119	1.6282764783484
NA21120	-8.52968368634064
NA21122	2.00706186728044
NA21123	-4.63921044032961
NA21124	-6.2948513053755
NA21125	-1.62228428009395
NA21126	-2.7286608515481
NA21127	-1.05928540585284
NA21128	2.61937639840705
NA21129	-5.72175179915142
NA21130	-1.1860307670185
NA21133	-3.80037529026326
NA21135	-6.01376894505147
NA21137	7.27280836972218
NA21141	0.0109844389019847
NA21142	-1.71133530041971
NA21143	-2.62578832099618
NA21144	-0.417928473369506
